{"data_time": 2.6517141219228506, "fast_rcnn/cls_accuracy": 0.546875, "fast_rcnn/false_negative": 0.2916666666666667, "fast_rcnn/fg_cls_accuracy": 0.7083333333333334, "iteration": 2, "loss_box_reg": 0.708696722984314, "loss_cls": 0.6859053373336792, "loss_mask": 0.6875998377799988, "loss_rpn_cls": 0.030186550691723824, "loss_rpn_loc": 0.021079329773783684, "lr": 7.495e-07, "mask_rcnn/accuracy": 0.9049886621315193, "mask_rcnn/false_negative": 1.0, "mask_rcnn/false_positive": 0.00018789340181003976, "roi_head/num_bg_samples": 104.0, "roi_head/num_fg_samples": 24.0, "rpn/num_neg_anchors": 118.5, "rpn/num_pos_anchors": 14.5, "time": 3.899123711977154, "total_loss": 2.1458132714033127}
{"eta_seconds": 3883.5272171292454, "iteration": 3}
{"data_time": 6.946701318025589, "fast_rcnn/cls_accuracy": 0.57421875, "fast_rcnn/false_negative": 0.40625, "fast_rcnn/fg_cls_accuracy": 0.59375, "iteration": 0, "loss_box_reg": 0.8265172839164734, "loss_cls": 0.6759386658668518, "loss_mask": 0.6934851408004761, "loss_rpn_cls": 0.34905219078063965, "loss_rpn_loc": 0.04266666993498802, "lr": 2.5e-07, "mask_rcnn/accuracy": 0.466796875, "mask_rcnn/false_negative": 0.18773006134969325, "mask_rcnn/false_positive": 0.5572086281865462, "roi_head/num_bg_samples": 96.0, "roi_head/num_fg_samples": 32.0, "rpn/num_neg_anchors": 1.0, "rpn/num_pos_anchors": 35.0, "total_loss": 2.587659951299429}
{"data_time": 23.5083140169736, "fast_rcnn/cls_accuracy": 0.4296875, "fast_rcnn/false_negative": 0.8636363636363636, "fast_rcnn/fg_cls_accuracy": 0.13636363636363635, "iteration": 0, "loss_box_reg": 0.6174144148826599, "loss_cls": 0.7188997864723206, "loss_mask": 0.6886002421379089, "loss_rpn_cls": 0.1881251037120819, "loss_rpn_loc": 0.06541799008846283, "lr": 2.5e-07, "mask_rcnn/accuracy": 0.7484635899814471, "mask_rcnn/false_negative": 0.9821189092534645, "mask_rcnn/false_positive": 0.20087417464893517, "roi_head/num_bg_samples": 106.0, "roi_head/num_fg_samples": 22.0, "rpn/num_neg_anchors": 1.0, "rpn/num_pos_anchors": 28.0, "total_loss": 2.278457537293434}
{"data_time": 0.21772546006832272, "fast_rcnn/cls_accuracy": 0.626953125, "fast_rcnn/false_negative": 0.6129807692307692, "fast_rcnn/fg_cls_accuracy": 0.3870192307692308, "iteration": 3, "loss_box_reg": 0.5660498738288879, "loss_cls": 0.6604028344154358, "loss_mask": 0.6905988454818726, "loss_rpn_cls": 0.09646633267402649, "loss_rpn_loc": 0.0425991527736187, "lr": 9.992500000000002e-07, "mask_rcnn/accuracy": 0.7166190394427001, "mask_rcnn/false_negative": 0.6062631490916189, "mask_rcnn/false_positive": 0.2604791351221473, "roi_head/num_bg_samples": 104.75, "roi_head/num_fg_samples": 23.25, "rpn/num_neg_anchors": 116.75, "rpn/num_pos_anchors": 21.25, "time": 1.7576014890801162, "total_loss": 2.1105959955602884}
{"eta_seconds": 1748.8134816347156, "iteration": 4}
{"data_time": 2.3306486890651286, "fast_rcnn/cls_accuracy": 0.51953125, "fast_rcnn/false_negative": 0.7413793103448276, "fast_rcnn/fg_cls_accuracy": 0.25862068965517243, "iteration": 0, "loss_box_reg": 0.7011978030204773, "loss_cls": 0.6924622058868408, "loss_mask": 0.6948082447052002, "loss_rpn_cls": 0.22402000427246094, "loss_rpn_loc": 0.09215731173753738, "lr": 2.5e-07, "mask_rcnn/accuracy": 0.4186532371569317, "mask_rcnn/false_negative": 0.4499861457467442, "mask_rcnn/false_positive": 0.59267133268041, "roi_head/num_bg_samples": 99.0, "roi_head/num_fg_samples": 29.0, "rpn/num_neg_anchors": 1.0, "rpn/num_pos_anchors": 33.0, "total_loss": 2.4046455696225166}
{"data_time": 6.9311151371803135, "fast_rcnn/cls_accuracy": 0.75, "fast_rcnn/false_negative": 1.0, "fast_rcnn/fg_cls_accuracy": 0.0, "iteration": 0, "loss_box_reg": 0.9411883354187012, "loss_cls": 0.5898898243904114, "loss_mask": 0.6952818036079407, "loss_rpn_cls": 0.10572865605354309, "loss_rpn_loc": 0.06728371977806091, "lr": 2.5e-07, "mask_rcnn/accuracy": 0.1238839285714286, "mask_rcnn/false_negative": 0.026888377852467716, "mask_rcnn/false_positive": 0.9839408844866698, "roi_head/num_bg_samples": 96.0, "roi_head/num_fg_samples": 32.0, "rpn/num_neg_anchors": 113.5, "rpn/num_pos_anchors": 31.5, "total_loss": 2.3993723392486572}
{"data_time": 0.20461003202944994, "eta_seconds": 98935.12916567735, "fast_rcnn/cls_accuracy": 0.3671875, "fast_rcnn/false_negative": 0.03125, "fast_rcnn/fg_cls_accuracy": 0.96875, "iteration": 19, "loss_box_reg": 0.6115263998508453, "loss_cls": 0.7475762069225311, "loss_mask": 0.6956377625465393, "loss_rpn_cls": 0.10224860161542892, "loss_rpn_loc": 0.023135711438953876, "lr": 4.99525e-06, "mask_rcnn/accuracy": 0.14045325161314526, "mask_rcnn/false_negative": 0.015383845724935806, "mask_rcnn/false_positive": 0.9536471164640029, "roi_head/num_bg_samples": 104.75, "roi_head/num_fg_samples": 23.25, "rpn/num_neg_anchors": 239.75, "rpn/num_pos_anchors": 16.25, "time": 100.95421343436465, "total_loss": 2.167769101448357}
{"data_time": 0.218457069597207, "eta_seconds": 98626.60481225699, "fast_rcnn/cls_accuracy": 0.560546875, "fast_rcnn/false_negative": 0.1960227272727273, "fast_rcnn/fg_cls_accuracy": 0.8039772727272727, "iteration": 39, "loss_box_reg": 0.6125486493110657, "loss_cls": 0.6907467246055603, "loss_mask": 0.6813639998435974, "loss_rpn_cls": 0.08188604563474655, "loss_rpn_loc": 0.024850784800946712, "lr": 9.99025e-06, "mask_rcnn/accuracy": 0.9001598816609977, "mask_rcnn/false_negative": 1.0, "mask_rcnn/false_positive": 0.0, "roi_head/num_bg_samples": 104.5, "roi_head/num_fg_samples": 23.5, "rpn/num_neg_anchors": 238.0, "rpn/num_pos_anchors": 18.0, "time": 105.45102051796857, "total_loss": 2.1079232254996896}
{"data_time": 0.10796021111309528, "eta_seconds": 96658.1786587974, "fast_rcnn/cls_accuracy": 0.796875, "fast_rcnn/false_negative": 0.5968137254901961, "fast_rcnn/fg_cls_accuracy": 0.40318627450980393, "iteration": 59, "loss_box_reg": 0.6941851079463959, "loss_cls": 0.5931391417980194, "loss_mask": 0.6511745452880859, "loss_rpn_cls": 0.0761667750775814, "loss_rpn_loc": 0.032476902939379215, "lr": 1.4985249999999999e-05, "mask_rcnn/accuracy": 0.9035267549048605, "mask_rcnn/false_negative": 1.0, "mask_rcnn/false_positive": 0.0, "roi_head/num_bg_samples": 101.25, "roi_head/num_fg_samples": 26.75, "rpn/num_neg_anchors": 237.25, "rpn/num_pos_anchors": 18.75, "time": 103.1178424609825, "total_loss": 2.0401466279290617}
{"data_time": 0.169588947086595, "fast_rcnn/cls_accuracy": 0.791015625, "fast_rcnn/false_negative": 0.8940217391304348, "fast_rcnn/fg_cls_accuracy": 0.10597826086956522, "iteration": 75, "loss_box_reg": 0.7649451494216919, "loss_cls": 0.5337609946727753, "loss_mask": 0.6199750006198883, "loss_rpn_cls": 0.05241070315241814, "loss_rpn_loc": 0.02740167547017336, "lr": 1.8981249999999997e-05, "mask_rcnn/accuracy": 0.9085126477249063, "mask_rcnn/false_negative": 1.0, "mask_rcnn/false_positive": 0.0, "roi_head/num_bg_samples": 99.0, "roi_head/num_fg_samples": 29.0, "rpn/num_neg_anchors": 235.25, "rpn/num_pos_anchors": 20.75, "time": 99.78746562253218, "total_loss": 2.031404610723257}
{"eta_seconds": 94910.10521496809, "iteration": 76}
{"data_time": 0.3499635390471667, "eta_seconds": 30014.047588407993, "fast_rcnn/cls_accuracy": 0.345703125, "fast_rcnn/false_negative": 0.6573932926829269, "fast_rcnn/fg_cls_accuracy": 0.3426067073170732, "iteration": 19, "loss_box_reg": 0.655992329120636, "loss_cls": 0.7441105842590332, "loss_mask": 0.689113199710846, "loss_rpn_cls": 0.12870443239808083, "loss_rpn_loc": 0.04287639074027538, "lr": 4.99525e-06, "mask_rcnn/accuracy": 0.8770697732217887, "mask_rcnn/false_negative": 0.9224808969506535, "mask_rcnn/false_positive": 0.026550507932414882, "roi_head/num_bg_samples": 102.5, "roi_head/num_fg_samples": 25.5, "rpn/num_neg_anchors": 233.75, "rpn/num_pos_anchors": 22.25, "time": 107.19302710145712, "total_loss": 2.293689272366464}
{"data_time": 0.14269968948792666, "eta_seconds": 27172.58470770903, "fast_rcnn/cls_accuracy": 0.498046875, "fast_rcnn/false_negative": 0.7859738372093024, "fast_rcnn/fg_cls_accuracy": 0.2140261627906977, "iteration": 39,